experiment_id,kp,ki,kd,overshoot,rise_time,settling_time,angle_values,set_point
1,16.5,0.19504261728315553,0.6500000059604645,23.08888888888889,600,5000,"[-0.84, -0.84, 8.91, 26.24, 41.61, 54.95, 69.06, 85.18, 102.38, 110.78, 110.33, 110.3, 110.29, 110.28, 110.27, 110.26, 110.25, 110.25, 110.24, 110.23, 110.22, 110.21, 110.2, 110.19, 110.18, 110.16, 110.15, 110.14, 110.12, 110.11, 110.1, 110.09, 110.08, 110.07, 110.04, 109.17, 107.23, 105.3, 104.53, 104.53, 104.52, 104.51, 104.5, 104.49, 104.48, 104.47, 104.46, 104.45, 104.44, 104.43]",90
2,9.556112206312369,0.04252130148902039,0.4597500083327759,23.077777777777772,500,1500,"[0.29, 3.88, 11.03, 25.0, 44.07, 62.63, 80.36, 95.91, 107.86, 110.77, 104.77, 95.7, 87.71, 83.13, 83.14, 86.55, 90.34, 92.15, 92.21, 92.22, 92.22, 92.22, 92.22, 92.22, 92.22, 92.22, 92.22, 92.23, 92.23, 92.23, 92.23, 92.23, 92.23, 92.23, 92.23, 92.23, 92.24, 92.23, 92.23, 92.23, 92.23, 92.24, 92.23, 92.23, 92.23, 92.23, 92.24, 92.24, 92.24, 92.24]",90
