experiment_id,kp,ki,kd,overshoot,rise_time,settling_time,angle_values,set_point
1,12.5,0.0010000000474974513,0.6349999904632568,25.04444444444445,600,1800,"[0.14, 4.16, 12.91, 24.68, 39.86, 53.54, 69.73, 90.16, 109.94, 112.54, 100.63, 90.19, 81.19, 79.2, 86.2, 95.21, 99.61, 98.23, 93.95, 89.85, 87.13, 86.2, 86.21, 86.49, 86.78, 86.77, 86.77, 86.76, 86.76, 86.75, 86.75, 86.74, 86.73, 86.73, 86.72, 86.72, 86.71, 86.7, 86.7, 86.69, 86.69, 86.68, 86.68, 86.67, 86.67, 86.66, 86.66, 86.65, 86.65, 86.64]",90
