experiment_id,kp,ki,kd,overshoot,rise_time,settling_time,angle_values,set_point
4,10.907680050779769,0.3301172870073983,0.12700573986861385,29.65555555555555,400,2400,"[-0.12, 9.86, 30.47, 51.2, 73.1, 94.07, 111.29, 116.69, 105.84, 90.64, 81.43, 85.64, 97.08, 107.66, 109.83, 101.67, 90.76, 84.62, 86.69, 94.07, 101.11, 102.99, 100.35, 95.7, 92.63, 92.4, 92.4, 92.4, 92.4, 92.41, 92.4, 92.41, 92.41, 92.41, 92.41, 92.41, 92.42, 92.42, 92.42, 92.42, 92.43, 92.43, 92.42, 92.42, 92.43, 92.43, 92.43, 92.43, 92.44, 92.44]",90
