experiment_id,kp,ki,kd,overshoot,rise_time,settling_time,angle_values,set_point
6,18.541509590932755,0.819058257950321,0.46775135060889006,29.288888888888888,500,5000,"[0.01, 8.13, 24.18, 39.39, 54.42, 70.23, 86.14, 101.1, 113.93, 114.77, 101.25, 87.1, 78.22, 80.56, 93.68, 110.21, 116.36, 111.7, 102.47, 88.66, 88.97, 103.36, 114.3, 114.58, 113.34, 110.61, 108.57, 108.43, 108.43, 108.43, 108.42, 108.16, 106.97, 104.69, 103.61, 103.63, 103.63, 103.62, 103.48, 103.47, 102.89, 101.03, 98.97, 98.32, 98.32, 98.31, 98.31, 98.31, 98.3, 98.27]",90
8,12.250064614429963,0.028503178547133246,0.9777311194553546,17.600000000000005,600,2700,"[0.15, 5.28, 14.55, 24.73, 36.94, 49.0, 66.06, 85.15, 100.38, 105.84, 97.09, 84.07, 77.27, 83.47, 95.15, 102.74, 99.66, 90.16, 81.63, 81.07, 88.72, 96.98, 100.08, 95.94, 88.58, 84.1, 84.12, 88.34, 92.18, 93.23, 93.17, 93.04, 93.04, 93.03, 93.01, 93.0, 92.99, 92.98, 92.96, 92.95, 92.94, 92.93, 92.92, 92.91, 92.9, 92.89, 92.88, 92.86, 92.85, 92.84]",90
9,12.442818022379946,0.05122055115154445,0.9719935381162358,14.766666666666673,500,1700,"[-0.1, 5.92, 17.77, 29.12, 46.07, 64.97, 79.3, 91.82, 102.64, 103.29, 93.34, 82.77, 80.94, 88.83, 98.02, 100.51, 95.76, 89.01, 85.6, 86.31, 90.1, 92.49, 92.72, 92.74, 92.76, 92.78, 92.8, 92.82, 92.84, 92.86, 92.88, 92.89, 92.91, 92.93, 92.95, 92.96, 92.98, 93.0, 93.02, 93.04, 93.05, 93.07, 93.09, 93.11, 93.13, 93.15, 93.17, 93.19, 93.21, 93.23]",90
