experiment_id,kp,ki,kd,overshoot,rise_time,settling_time,angle_values,set_point
4,19.040841814485493,0.5984547897865774,0.3334136683112925,27.933333333333334,500,5000,"[0.12, 10.37, 28.21, 42.67, 53.55, 63.34, 76.71, 94.61, 113.5, 115.14, 99.94, 88.61, 90.03, 103.92, 113.77, 113.78, 113.41, 111.74, 110.49, 110.44, 110.44, 110.44, 110.43, 110.42, 109.95, 107.18, 103.82, 93.52, 77.95, 80.26, 98.74, 107.03, 103.35, 91.24, 74.46, 63.75, 58.84, 60.68, 68.49, 81.32, 99.68, 110.63, 109.34, 106.74, 105.57, 95.45, 77.86, 64.34, 55.56, 59.34]",90
22,23.089712940937666,0.8619499851297041,0.5885900454561747,26.55555555555556,500,1100,"[0.18, 4.04, 11.97, 24.42, 43.48, 62.81, 80.99, 98.27, 113.31, 113.9, 98.19, 89.17, 90.02, 90.0, 89.99, 90.0, 90.0, 89.99, 90.0, 90.0, 90.0, 90.0, 90.0, 90.0, 90.0, 90.0, 90.0, 90.0, 90.0, 90.0, 90.0, 90.0, 90.0, 90.0, 90.01, 90.01, 90.01, 90.01, 90.01, 90.01, 90.01, 90.01, 90.01, 90.01, 90.02, 90.02, 90.02, 90.02, 90.02, 90.02]",90
