experiment_id,kp,ki,kd,overshoot,rise_time,settling_time,angle_values,set_point
8,15.259709735169873,0.12643424000217773,0.300740047756212,25.25555555555556,600,5000,"[0.1, 3.22, 9.63, 21.66, 37.64, 50.96, 64.49, 80.81, 99.4, 111.54, 112.71, 112.73, 112.31, 112.27, 112.28, 112.28, 112.29, 112.3, 112.3, 112.31, 112.32, 112.32, 112.33, 112.31, 111.21, 109.17, 108.13, 108.09, 108.1, 108.1, 108.1, 108.11, 108.11, 108.12, 108.12, 108.12, 108.12, 108.13, 108.13, 108.13, 108.13, 108.14, 108.14, 108.15, 108.15, 108.15, 108.15, 108.15, 108.15, 108.16]",90
14,6.511243963447707,0.08535061304140878,0.43686130833631176,29.088888888888896,600,1600,"[-0.49, 2.56, 9.72, 15.55, 29.18, 49.12, 67.05, 83.8, 100.7, 113.54, 116.18, 108.53, 97.99, 88.89, 84.2, 84.37, 87.58, 90.63, 92.23, 92.41, 92.4, 92.4, 92.39, 92.39, 92.39, 92.38, 92.38, 92.37, 92.37, 92.36, 92.36, 92.35, 92.35, 92.35, 92.34, 92.34, 92.33, 92.33, 92.33, 92.32, 92.32, 92.31, 92.31, 92.3, 92.3, 92.3, 92.29, 92.29, 92.28, 92.28]",90
