experiment_id,kp,ki,kd,overshoot,rise_time,settling_time,angle_values,set_point
1,20.0,0.0010000000474974513,1.0,24.866666666666664,500,2500,"[0.05, 0.96, 13.54, 34.33, 54.84, 73.76, 91.79, 105.23, 112.38, 111.78, 104.88, 97.81, 91.22, 84.67, 83.88, 91.02, 98.73, 99.48, 93.6, 86.4, 83.04, 87.24, 94.43, 97.41, 94.6, 89.66, 85.72, 85.58, 90.03, 93.84, 94.32, 92.7, 90.75, 89.87, 89.9, 89.91, 89.91, 89.92, 89.93, 89.94, 89.94, 89.95, 89.96, 89.97, 89.97, 89.98, 89.98, 89.99, 90.0, 90.01]",90
2,20.8,0.0010000000474974513,0.8799999952316284,26.222222222222214,500,5000,"[-0.11, 5.03, 18.83, 37.74, 56.07, 73.34, 90.3, 104.13, 113.19, 113.6, 105.74, 96.84, 88.85, 82.18, 83.61, 94.4, 102.92, 105.39, 106.76, 105.31, 103.26, 101.92, 98.34, 90.35, 82.75, 83.71, 93.91, 102.98, 106.17, 107.12, 104.77, 101.66, 96.45, 88.49, 82.06, 83.67, 94.49, 103.12, 105.64, 106.53, 105.09, 103.09, 101.77, 98.05, 89.9, 82.51, 83.44, 93.6, 102.46, 105.52]",90
