experiment_id,kp,ki,kd,overshoot,rise_time,settling_time,angle_values,set_point
1,8.193705654965079,0.0010000000474974513,0.0010000000474974513,22.022222222222215,400,1700,"[0.12, 7.99, 25.09, 41.52, 56.92, 71.87, 86.22, 101.21, 109.82, 107.89, 101.64, 94.86, 88.99, 84.74, 82.82, 82.89, 84.88, 87.31, 88.11, 88.12, 88.12, 88.13, 88.14, 88.14, 88.15, 88.15, 88.16, 88.16, 88.17, 88.17, 88.18, 88.19, 88.19, 88.2, 88.2, 88.21, 88.21, 88.22, 88.23, 88.23, 88.23, 88.24, 88.25, 88.25, 88.26, 88.26, 88.26, 88.27, 88.27, 88.28]",90
