experiment_id,kp,ki,kd,overshoot,rise_time,settling_time,angle_values,set_point
2,3.0525279688290885,0.5325793250082318,0.8116495317682181,88.73333333333335,600,3200,"[-7.39, -2.84, 7.71, 19.79, 32.71, 45.68, 58.64, 70.48, 80.78, 89.0, 94.37, 105.71, 123.14, 140.45, 155.73, 166.72, 169.86, 163.53, 152.03, 138.18, 123.25, 108.65, 95.43, 84.0, 75.25, 70.4, 69.56, 70.66, 73.39, 76.74, 80.39, 83.79, 86.64, 88.61, 89.51, 89.61, 89.6, 89.6, 89.6, 89.59, 89.59, 89.59, 89.59, 89.58, 89.58, 89.58, 89.57, 89.57, 89.57, 89.56]",90
4,14.942893305641428,0.31976907519448594,0.6785662644360432,40.46666666666667,600,4700,"[-0.38, 3.77, 11.39, 22.48, 36.31, 49.29, 64.49, 82.24, 101.54, 116.83, 126.42, 126.26, 115.29, 102.88, 92.54, 86.36, 90.1, 98.69, 105.87, 104.73, 95.99, 87.56, 85.93, 93.32, 102.54, 105.32, 98.66, 89.33, 84.87, 89.57, 98.56, 103.96, 101.72, 93.69, 86.53, 85.75, 92.52, 100.45, 102.89, 97.6, 90.24, 86.77, 88.98, 94.77, 99.35, 99.85, 95.67, 91.14, 89.54, 89.7]",90
6,20.855207239076492,0.8414778534996943,0.4976722109644264,46.222222222222214,500,5000,"[0.3, 5.66, 16.92, 30.41, 46.68, 63.54, 79.24, 92.78, 103.23, 111.07, 110.88, 101.53, 93.22, 96.66, 109.07, 112.47, 100.79, 87.11, 76.81, 81.8, 98.18, 113.39, 124.65, 131.6, 128.03, 115.37, 100.41, 85.11, 82.11, 94.93, 110.44, 117.37, 117.28, 117.28, 117.28, 117.28, 115.7, 111.79, 108.75, 100.76, 88.64, 78.1, 75.7, 85.66, 98.51, 108.15, 104.95, 91.55, 77.6, 73.44]",90
